id;level;length;status;project_id;start_date;customer_id
1;Handcrafted Forint Games;hardware;Sleek;37435;2021-02-11;61853
2;architectures Falls yellow;extensible;Grocery;60194;2021-02-11;84613
3;repurpose hardware digital;Checking Account;Keyboard Director;9605;2021-02-11;15815
4;Bedfordshire;Forest cross-media deposit;Madagascar;79213;2021-02-11;15406
5;navigate;Handcrafted Rubber Ball hybrid;Beauty fault-tolerant Practical Fresh Tuna;44352;2021-02-12;21310
6;Island Bedfordshire;Chicken Dynamic;Fresh Chips incubate;99879;2021-02-11;29806
7;mission-critical reboot;optical;HDD target Mountains;55154;2021-02-11;26260
8;Berkshire Soap CFA Franc BCEAO;content;calculating;63569;2021-02-11;10277
9;supply-chains Fresh;engage payment Credit Card Account;overriding;54878;2021-02-11;51832
10;orchestrate;extend Credit Card Account program;deposit Handmade Global;60583;2021-02-11;79754
